"","nlowz","nhighz","chisq","fisher","142_R2_I2","005_R1_I3","005_R2_I3","006_R2_I3","007_R4_I2","017_R2_I2","020_R3_I3","025_R2_I3","026_R2_I3","028_R2_I3","029_R1_I3","029_R3_I3","030_R3_I2","034_R2_I1","034_R3_I1","043_R3_I1","115_R1_I3","116_R1_I2","124_R1_I2","128_R1_I2","129_R1_I2","129_R3_I2","145_R1_I2","150_R1_I1","150_R2_I1","158_R1_I1","163_R1_I2","163_R3_I2","168_R2_I2","171_R2_I4","171_R3_I2","172_R1_I1","172_R2_I1","218_R1_I1"
"SACS",3,9,7.6394490509002e-05,0.000140415813765133,"y","n","n","n","n","n","n","y","n","n","n","n","y","n","n","n","n","n","y","y","n","n","n","n","n","n","y","n","n","y","n","y","y","n"
"XIRP2",0,6,7.71036927451429e-05,0.000137253450474229,"y","n","n","n","n","y","n","y","n","n","n","n","n","n","n","n","y","n","n","n","n","n","n","n","n","n","n","n","n","n","y","y","n","n"
"ADAM8",0,5,0.000453550897881855,0.000643671353948106,"y","n","n","n","n","n","n","y","n","n","n","n","y","n","n","n","n","n","n","n","y","y","n","n","n","n","n","n","n","n","n","n","n","n"
"HCN4",0,5,0.000453550897881855,0.000643671353948106,"y","n","n","n","n","n","n","n","n","n","n","n","y","n","n","n","n","y","n","n","n","n","n","y","y","n","n","n","n","n","n","n","n","n"
"MYO15B",1,6,0.000550175817037614,0.000789969859396115,"y","n","n","n","n","n","n","n","n","n","n","n","y","n","n","n","y","n","n","n","n","n","n","y","y","y","n","n","n","n","n","n","n","n"
"MGAM",2,6,0.00237496269259698,0.00259711752887388,"y","n","n","n","n","y","n","n","n","y","n","n","y","n","n","n","n","n","n","y","n","n","n","y","n","n","n","n","n","n","n","n","n","n"
"LANCL3",0,4,0.00264257399707681,0.00293943251636302,"n","y","y","n","n","n","n","n","n","n","n","n","n","n","n","n","n","n","n","n","n","n","n","n","y","y","n","n","n","n","n","n","n","n"
"LMTK2",0,4,0.00264257399707681,0.00293943251636302,"y","y","y","n","n","n","n","n","n","n","n","n","n","n","n","n","n","n","n","y","n","n","n","n","n","n","n","n","n","n","n","n","n","n"
"PCDH12",0,4,0.00264257399707681,0.00293943251636302,"y","y","y","n","n","n","n","n","n","n","n","n","y","n","n","n","n","n","n","n","n","n","n","n","n","n","n","n","n","n","n","n","n","n"
"PEX1",0,4,0.00264257399707681,0.00293943251636302,"y","y","y","n","n","n","n","n","n","n","n","n","y","n","n","n","n","n","n","n","n","n","n","n","n","n","n","n","n","n","n","n","n","n"
"POMK",0,4,0.00264257399707681,0.00293943251636302,"y","y","y","n","n","n","n","n","n","n","n","n","y","n","n","n","n","n","n","n","n","n","n","n","n","n","n","n","n","n","n","n","n","n"
"RHOBTB1",0,4,0.00264257399707681,0.00293943251636302,"n","y","y","n","n","n","n","n","n","n","n","n","y","n","y","n","n","n","n","n","n","n","n","n","n","n","n","n","n","n","n","n","n","n"
"TP53TG3D",0,4,0.00264257399707681,0.00293943251636302,"y","y","y","n","n","n","n","n","n","n","n","n","y","n","n","n","n","n","n","n","n","n","n","n","n","n","n","n","n","n","n","n","n","n"
"UBOX5",0,4,0.00264257399707681,0.00293943251636302,"y","y","y","n","n","n","n","n","n","n","n","n","y","n","n","n","n","n","n","n","n","n","n","n","n","n","n","n","n","n","n","n","n","n"
"VWA2",0,4,0.00264257399707681,0.00293943251636302,"y","y","n","n","n","n","n","y","n","n","n","n","y","n","n","n","n","n","n","n","n","n","n","n","n","n","n","n","n","n","n","n","n","n"
"CARD11",0,4,0.00264257399707681,0.00293943251636302,"y","n","n","n","n","y","n","n","n","n","n","n","y","n","n","n","n","n","n","n","n","n","n","n","n","n","n","n","y","n","n","n","n","n"
"KRT38",0,4,0.00264257399707681,0.00293943251636302,"y","n","n","n","n","y","n","n","n","n","n","n","y","n","n","n","n","n","n","n","n","n","n","y","n","n","n","n","n","n","n","n","n","n"
"ECEL1",0,4,0.00264257399707681,0.00293943251636302,"n","n","n","n","n","n","y","n","n","n","n","n","y","n","y","n","n","n","n","n","n","n","n","n","n","y","n","n","n","n","n","n","n","n"
"PLXNB3",0,4,0.00264257399707681,0.00293943251636302,"y","n","n","n","n","n","y","n","n","n","n","n","y","n","n","n","n","n","n","n","n","n","n","n","n","y","n","n","n","n","n","n","n","n"
"TAAR5",0,4,0.00264257399707681,0.00293943251636302,"y","n","n","n","n","n","y","n","n","n","n","n","y","n","n","n","n","y","n","n","n","n","n","n","n","n","n","n","n","n","n","n","n","n"
"ERCC2",0,4,0.00264257399707681,0.00293943251636302,"y","n","n","n","n","n","n","n","n","y","n","n","y","n","n","n","y","n","n","n","n","n","n","n","n","n","n","n","n","n","n","n","n","n"
"PRKG2",0,4,0.00264257399707681,0.00293943251636302,"n","n","n","n","n","n","n","n","n","y","n","n","y","n","n","n","n","y","n","n","n","n","n","n","n","y","n","n","n","n","n","n","n","n"
"TFE3",0,4,0.00264257399707681,0.00293943251636302,"y","n","n","n","n","n","n","n","n","y","n","n","y","n","n","n","n","n","n","n","n","n","n","n","n","y","n","n","n","n","n","n","n","n"
"SELENBP1",0,4,0.00264257399707681,0.00293943251636302,"y","n","n","n","n","n","n","n","n","n","y","y","y","n","n","n","n","n","n","n","n","n","n","n","n","n","n","n","n","n","n","n","n","n"
"ALK",0,4,0.00264257399707681,0.00293943251636302,"y","n","n","n","n","n","n","n","n","n","n","n","y","n","n","n","n","y","n","n","n","n","n","n","n","y","n","n","n","n","n","n","n","n"
"BHLHE40",0,4,0.00264257399707681,0.00293943251636302,"n","n","n","n","n","n","n","n","n","n","n","n","y","n","n","n","y","n","n","n","n","n","n","y","y","n","n","n","n","n","n","n","n","n"
"FMNL1",0,4,0.00264257399707681,0.00293943251636302,"n","n","n","n","n","n","n","n","n","n","n","n","y","n","n","n","n","n","n","n","n","n","n","y","y","y","n","n","n","n","n","n","n","n"
"L3MBTL4",0,4,0.00264257399707681,0.00293943251636302,"y","n","n","n","n","n","n","n","n","n","n","n","y","n","n","n","n","n","n","n","y","y","n","n","n","n","n","n","n","n","n","n","n","n"
"RGS3",0,4,0.00264257399707681,0.00293943251636302,"y","n","n","n","n","n","n","n","n","n","n","n","y","n","n","n","n","n","n","n","n","n","n","y","y","n","n","n","n","n","n","n","n","n"
"SHROOM1",0,4,0.00264257399707681,0.00293943251636302,"y","n","n","n","n","n","n","n","n","n","n","n","y","n","n","n","n","n","n","n","n","n","n","y","y","n","n","n","n","n","n","n","n","n"
"SLC27A3",0,4,0.00264257399707681,0.00293943251636302,"y","n","n","n","n","n","n","n","n","n","n","n","y","n","n","n","n","n","n","n","n","n","n","y","y","n","n","n","n","n","n","n","n","n"
"SOGA2",0,4,0.00264257399707681,0.00293943251636302,"y","n","n","n","n","n","n","n","n","n","n","n","y","n","n","n","n","n","n","n","n","n","n","y","y","n","n","n","n","n","n","n","n","n"
"SYNE3",0,4,0.00264257399707681,0.00293943251636302,"y","n","n","n","n","n","n","n","n","n","n","n","y","n","n","n","n","y","n","n","n","n","n","n","n","n","n","n","n","y","n","n","n","n"
"TBCD",0,4,0.00264257399707681,0.00293943251636302,"n","n","n","n","n","n","n","n","n","n","n","n","y","n","n","n","n","y","n","n","n","n","n","y","y","n","n","n","n","n","n","n","n","n"
"TBX22",0,4,0.00264257399707681,0.00293943251636302,"y","n","n","n","n","n","n","n","n","n","n","n","y","n","n","n","n","n","n","n","n","n","n","y","y","n","n","n","n","n","n","n","n","n"
"PIGT",0,4,0.00264257399707681,0.00293943251636302,"y","n","n","n","n","n","n","n","n","n","n","n","n","n","n","n","n","n","n","n","n","n","n","y","y","y","n","n","n","n","n","n","n","n"
"ADAM12",1,5,0.00290238805030629,0.00317576087131749,"y","y","y","n","n","n","n","n","n","n","n","n","n","n","n","n","n","n","n","n","n","n","n","n","n","n","y","y","n","n","n","n","n","n"
"BCOR",1,5,0.00290238805030629,0.00317576087131749,"y","n","n","n","n","y","n","n","n","n","y","n","y","n","n","n","y","n","n","n","n","n","n","n","n","n","n","n","n","n","n","n","n","n"
"KCNH7",1,5,0.00290238805030629,0.00317576087131749,"y","n","n","n","n","y","n","n","n","y","n","n","y","n","n","n","y","n","n","n","n","n","n","n","n","n","n","n","n","n","n","n","n","n"
"BRAT1",1,5,0.00290238805030629,0.00317576087131749,"n","n","n","n","n","y","n","n","n","n","n","n","y","n","n","n","y","n","n","n","n","n","n","y","y","n","n","n","n","n","n","n","n","n"
"TNXB",1,5,0.00290238805030629,0.00317576087131749,"y","n","n","n","n","n","n","n","n","n","n","n","y","n","n","n","n","n","n","n","y","y","n","n","n","y","n","n","n","n","n","n","n","n"
"ASPH",1,5,0.00290238805030629,0.00317576087131749,"y","n","n","n","n","n","n","n","y","y","n","n","y","n","n","n","y","n","n","n","n","n","n","n","n","n","n","n","n","n","n","n","n","n"
"CSMD1",1,5,0.00290238805030629,0.00317576087131749,"y","n","n","n","n","n","n","n","n","n","y","y","y","n","y","n","n","n","n","n","n","n","n","n","n","n","n","n","n","n","n","n","n","n"
"ZFR",1,5,0.00290238805030629,0.00317576087131749,"y","n","n","n","n","n","n","n","n","n","n","y","y","n","n","n","n","n","n","n","n","n","n","n","n","n","n","n","n","y","y","n","n","n"
"DEPDC5",1,5,0.00290238805030629,0.00317576087131749,"y","n","n","n","n","n","n","n","n","n","n","n","y","n","n","n","n","n","n","n","n","n","n","y","y","n","n","n","n","y","n","n","n","n"
"RNF213",1,5,0.00290238805030629,0.00317576087131749,"y","n","n","n","n","n","n","n","n","n","n","n","y","n","n","n","y","n","n","n","n","n","n","y","n","y","n","n","n","n","n","n","n","n"
"MUC6",5,8,0.00297315084112656,0.00281925005239637,"n","n","n","n","n","n","y","n","y","n","n","n","y","n","n","n","n","n","n","y","n","n","y","n","n","y","n","n","n","y","y","n","n","n"
"AHCTF1",3,6,0.00732553430891939,0.00640163893830073,"n","n","n","n","n","n","y","n","n","y","n","n","y","n","n","n","n","y","n","y","n","n","n","y","n","n","n","n","n","n","n","n","n","n"
"ADAR",2,5,0.0108122971657664,0.00914023840112094,"y","n","n","n","n","n","y","n","n","n","n","n","n","n","n","n","n","n","n","y","n","n","n","n","n","n","y","y","n","n","n","n","n","n"
"NCAPD3",2,5,0.0108122971657664,0.00914023840112094,"y","n","n","n","n","n","n","n","n","y","n","n","y","n","n","n","n","n","n","n","n","n","n","y","n","n","n","n","n","n","n","n","y","n"
"CLK1",2,5,0.0108122971657664,0.00914023840112094,"y","n","n","n","n","n","n","n","n","n","n","n","y","n","n","n","n","n","n","n","n","n","n","y","y","y","n","n","n","n","n","n","n","n"
"NPAS4",2,5,0.0108122971657664,0.00914023840112094,"y","n","n","n","n","n","n","n","n","n","n","n","y","n","n","n","n","n","n","n","n","n","n","n","n","n","y","n","n","n","n","y","y","n"
"SPEG",2,5,0.0108122971657664,0.00914023840112094,"y","n","n","n","n","n","n","n","n","n","n","n","y","n","y","n","n","n","n","y","n","n","n","n","n","n","y","n","n","n","n","n","n","n"
